{
  "model": "min_cost_max_flow",
  "total_flows": 30,
  "successful_flows": 17,
  "failed_flows": 13,
  "partial_flows": 0,
  "avg_throughput": 0.27685366666666666,
  "max_throughput": 1.64175,
  "min_throughput": 0.0,
  "avg_delay": 1052.3617333333334,
  "avg_loss": 43.333333333333336,
  "total_tx_bytes": "1099013940",
  "total_rx_bytes": "38577600",
  "packet_loss_rate": 0.43333333333333335,
  "success_rate": 0.5666666666666667
}