{
  "timestamp": "2025-11-17T18:20:36.646184",
  "models_tested": 4,
  "summary": {
    "total_flows": {
      "max_flow": 30,
      "min_cost_max_flow": 30,
      "multi_commodity_flow": 30,
      "load_balanced_sp": 30
    },
    "successful_flows": {
      "max_flow": 17,
      "min_cost_max_flow": 17,
      "multi_commodity_flow": 17,
      "load_balanced_sp": 17
    },
    "failed_flows": {
      "max_flow": 13,
      "min_cost_max_flow": 13,
      "multi_commodity_flow": 13,
      "load_balanced_sp": 13
    },
    "partial_flows": {
      "max_flow": 0,
      "min_cost_max_flow": 0,
      "multi_commodity_flow": 0,
      "load_balanced_sp": 0
    },
    "avg_throughput": {
      "max_flow": 0.26763176666666666,
      "min_cost_max_flow": 0.27685366666666666,
      "multi_commodity_flow": 0.2667642333333333,
      "load_balanced_sp": 0.2667065
    },
    "max_throughput": {
      "max_flow": 1.50108,
      "min_cost_max_flow": 1.64175,
      "multi_commodity_flow": 1.49741,
      "load_balanced_sp": 1.50575
    },
    "min_throughput": {
      "max_flow": 0.0,
      "min_cost_max_flow": 0.0,
      "multi_commodity_flow": 0.0,
      "load_balanced_sp": 0.0
    },
    "avg_delay": {
      "max_flow": 1058.8363000000002,
      "min_cost_max_flow": 1052.3617333333334,
      "multi_commodity_flow": 1060.6078666666667,
      "load_balanced_sp": 1075.8668
    },
    "avg_loss": {
      "max_flow": 43.333333333333336,
      "min_cost_max_flow": 43.333333333333336,
      "multi_commodity_flow": 43.333333333333336,
      "load_balanced_sp": 43.333333333333336
    },
    "total_tx_bytes": {
      "max_flow": "1099013940",
      "min_cost_max_flow": "1099013940",
      "multi_commodity_flow": "1099013940",
      "load_balanced_sp": "1099013940"
    },
    "total_rx_bytes": {
      "max_flow": "37466280",
      "min_cost_max_flow": "38577600",
      "multi_commodity_flow": "36554220",
      "load_balanced_sp": "36623340"
    },
    "packet_loss_rate": {
      "max_flow": 0.43333333333333335,
      "min_cost_max_flow": 0.43333333333333335,
      "multi_commodity_flow": 0.43333333333333335,
      "load_balanced_sp": 0.43333333333333335
    },
    "success_rate": {
      "max_flow": 0.5666666666666667,
      "min_cost_max_flow": 0.5666666666666667,
      "multi_commodity_flow": 0.5666666666666667,
      "load_balanced_sp": 0.5666666666666667
    }
  },
  "best_performers": {
    "highest_successful_flows": {
      "model": "max_flow",
      "value": 17
    },
    "highest_avg_throughput": {
      "model": "min_cost_max_flow",
      "value": 0.27685366666666666
    },
    "highest_max_throughput": {
      "model": "min_cost_max_flow",
      "value": 1.64175
    },
    "highest_min_throughput": {
      "model": "max_flow",
      "value": 0.0
    },
    "highest_total_tx_bytes": {
      "model": "max_flow",
      "value": "1099013940"
    },
    "highest_total_rx_bytes": {
      "model": "min_cost_max_flow",
      "value": "38577600"
    },
    "highest_success_rate": {
      "model": "max_flow",
      "value": 0.5666666666666667
    },
    "lowest_failed_flows": {
      "model": "max_flow",
      "value": 13
    },
    "lowest_partial_flows": {
      "model": "max_flow",
      "value": 0
    },
    "lowest_avg_delay": {
      "model": "min_cost_max_flow",
      "value": 1052.3617333333334
    },
    "lowest_avg_loss": {
      "model": "max_flow",
      "value": 43.333333333333336
    },
    "lowest_packet_loss_rate": {
      "model": "max_flow",
      "value": 0.43333333333333335
    }
  }
}